-- Заповнення таблиці Platform
INSERT INTO Platform (platform_id, Platform_Name)
VALUES
  (1, 'Wii'),
  (2, 'NES'),
  (3, 'DS'),
  (4, 'GB'),
  (5, 'X360'),
  (6, 'PS3'),
  (7, 'PS2'),
  (8, 'SNES'),
  (9, 'GBA'),
  (10, 'PS'),
  (11, '3DS'),
  (12, 'N64');

-- Заповнення таблиці Publisher
INSERT INTO Publisher (publisher_id, Publisher_Name)
VALUES
  (1, 'Nintendo'),
  (2, 'Microsoft Game Studios'),
  (3, 'Take-Two Interactive'),
  (4, 'Sony Computer Entertainment'),
  (5, 'Activision');

-- Заповнення таблиці global_sales
INSERT INTO global_sales (gs_id, sales, year_of_update)
VALUES
  (1, 82.74, 2006),
  (2, 40.24, 1985),
  (3, 35.82, 2008),
  (4, 33, 2009),
  (5, 31.37, 1996),
  (6, 30.26, 1989),
  (7, 30.01, 2006),
  (8, 29.02, 2006),
  (9, 28.62, 2009),
  (10, 28.31, 1984),
  (11, 24.76, 2005),
  (12, 23.42, 2005),
  (13, 23.1, 1999),
  (14, 22.72, 2007),
  (15, 22, 2009),
  (16, 21.82, 2010),
  (17, 21.4, 2013),
  (18, 20.81, 2004),
  (19, 20.61, 1990),
  (20, 20.22, 2005),
  (21, 18.36, 2006),
  (22, 18.14, 1989),
  (23, 17.28, 1988),
  (24, 16.38, 2013),
  (25, 16.15, 2002),
  (26, 15.85, 2002),
  (27, 15.32, 2010),
  (28, 15.3, 2005),
  (29, 14.98, 2001),
  (30, 14.76, 2011);

-- Заповнення таблиці Game
INSERT INTO Game (game_id, Name, Year, Genre, platform_id, publisher_id, gs_id)
VALUES
  (1, 'Wii Sports', 2006, 'Sports', 1, 1, 1),
  (2, 'Super Mario Bros.', 1985, 'Platform', 2, 1, 2),
  (3, 'Mario Kart Wii', 2008, 'Racing', 1, 1, 3),
  (4, 'Wii Sports Resort', 2009, 'Sports', 1, 1, 4),
  (5, 'Pokemon Red/Pokemon Blue', 1996, 'Role-Playing', 4, 1, 5),
  (6, 'Tetris', 1989, 'Puzzle', 4, 1, 6),
  (7, 'New Super Mario Bros.', 2006, 'Platform', 3, 1, 7),
  (8, 'Wii Play', 2006, 'Misc', 1, 1, 8),
  (9, 'New Super Mario Bros. Wii', 2009, 'Platform', 1, 1, 9),
  (10, 'Duck Hunt', 1984, 'Shooter', 2, 1, 10),
  (11, 'Nintendogs', 2005, 'Simulation', 3, 1, 11),
  (12, 'Mario Kart DS', 2005, 'Racing', 3, 1, 12),
  (13, 'Pokemon Gold/Pokemon Silver', 1999, 'Role-Playing', 4, 1, 13),
  (14, 'Wii Fit', 2007, 'Sports', 1, 1, 14),
  (15, 'Wii Fit Plus', 2009, 'Sports', 1, 1, 15),
  (16, 'Kinect Adventures!', 2010, 'Misc', 5, 2, 16),
  (17, 'Grand Theft Auto V', 2013, 'Action', 6, 3, 17),
  (18, 'Grand Theft Auto: San Andreas', 2004, 'Action', 7, 3, 18),
  (19, 'Super Mario World', 1990, 'Platform', 8, 1, 19),
  (20, 'Brain Age: Train Your Brain in Minutes a Day', 2005, 'Misc', 3, 1, 20),
  (21, 'Pokemon Diamond/Pokemon Pearl', 2006, 'Role-Playing', 3, 1, 21),
  (22, 'Super Mario Land', 1989, 'Platform', 4, 1, 22),
  (23, 'Super Mario Bros. 3', 1988, 'Platform', 2, 1, 23),
  (24, 'Grand Theft Auto V', 2013, 'Action', 5, 3, 24),
  (25, 'Grand Theft Auto: Vice City', 2002, 'Action', 7, 3, 25),
  (26, 'Pokemon Ruby/Pokemon Sapphire', 2002, 'Role-Playing', 9, 1, 26),
  (27, 'Pokemon Black/Pokemon White', 2010, 'Role-Playing', 3, 1, 27),
  (28, 'Brain Age 2: More Training in Minutes a Day', 2005, 'Puzzle', 3, 1, 28),
  (29, 'Gran Turismo 3: A-Spec', 2001, 'Racing', 7, 4, 29),
  (30, 'Call of Duty: Modern Warfare 3', 2011, 'Shooter', 5, 5, 30);

-- Заповнення таблиці Platform_has_game
INSERT INTO Platform_has_game (game_id, platform_id)
VALUES
  (1, 1),
  (2, 2),
  (3, 1),
  (4, 1),
  (5, 4),
  (6, 4),
  (7, 3),
  (8, 1),
  (9, 1),
  (10, 2),
  (11, 3),
  (12, 3),
  (13, 4),
  (14, 1),
  (15, 1),
  (16, 5),
  (17, 6),
  (18, 7),
  (19, 8),
  (20, 3),
  (21, 3),
  (22, 4),
  (23, 2),
  (24, 5),
  (25, 7),
  (26, 9),
  (27, 3),
  (28, 3),
  (29, 7),
  (30, 5);
